platform,subject,total,interactions,age,gender-categorical,gender-free-response,ethnicity,race,education
mturk,0045gif7edk9f2xf02awgem7,15.9,1,45,Female,,Not Hispanic or Latino,['White'],Bachelor degree
mturk,06ntcl2kvfi7bvkwh6jkfbim,12.62,1,29,Male,,Not Hispanic or Latino,['White'],Bachelor degree
mturk,0alf8i2e9cadaz5lo47eetnz,38.68,1,67,Male,,Not Hispanic or Latino,['White'],Bachelor degree
mturk,0hmxkgz0256twawpa08920xp,14.93,3,28,Male,,Not Hispanic or Latino,['White'],High school
mturk,0iqpc0511ptbmyjtk64u2bkm,16.97,1,47,Male,,Not Hispanic or Latino,['White'],Bachelor degree
mturk,0l0i5msatotpryxe9dcs8r5l,18.96,1,39,Female,,Not Hispanic or Latino,['White'],High school
mturk,0lt45tglu4s9134zggqigit7,17.53,1,29,Female,,Hispanic or Latino,['White'],Some college
mturk,0mi6uxcj88pskln4f8p4dkqm,17.93,1,45,Male,,Not Hispanic or Latino,['White'],Some college
mturk,0mto4pny0cqh8yhugrfq2f22,17.39,2,49,Male,,Not Hispanic or Latino,['White'],Bachelor degree
mturk,0nmy4z1w8nhd6repxq9g8o8x,19.2,41,23,Male,,Not Hispanic or Latino,['Black or African American'],High school
mturk,0p1csq1dz8ykxa27pjpyp3pa,19.7,3,58,Male,,Not Hispanic or Latino,['White'],Some college
mturk,0tjggx0jyun49pjtlwcgtrh9,16.72,10,33,Male,,Hispanic or Latino,['White'],Bachelor degree
mturk,0wfrmfgryj5nf97gih0ydlbh,25.59,1,35,Male,,Not Hispanic or Latino,['White'],High school
mturk,0x1rufmexx9ekx7grno16lgm,19.86,3,39,Female,,Not Hispanic or Latino,['White'],Bachelor degree
mturk,16qney8vyc6336wz3rvfost2,28.86,3,35,Female,,Not Hispanic or Latino,['White'],Bachelor degree
mturk,1dfxing7uzcljv31e32gw7bx,20.63,5,45,Male,,Not Hispanic or Latino,['White'],Some college
mturk,1hg66hcevxi5a0g3dg3u9ktf,20.21,3,26,Male,,Not Hispanic or Latino,['White'],Bachelor degree
mturk,1jcd8vwkfvisxjhdq01w91u6,21.53,1,70,Female,,Not Hispanic or Latino,['White'],High school
mturk,1ls815kvytlzmq5eu9oedcf9,21.81,4,38,Male,,Not Hispanic or Latino,['Black or African American'],Master degree or higher
mturk,1n1k403aasdmkz2mo30lf191,14.51,10,43,Female,,Not Hispanic or Latino,['Black or African American'],Master degree or higher
mturk,1o2ubz0hvr6m3vp7lovn2lsj,26.79,1,50,Female,,Not Hispanic or Latino,['White'],High school
mturk,1wjfmekjlpimwasxu0rgzo9g,19.08,1,32,Male,,Not Hispanic or Latino,['White'],Some college
mturk,1xag83k9pmul55titc0yn6b5,23.32,33,40,Male,,Hispanic or Latino,['White'],Some college
mturk,1yxwg14w52aubqggx5gdgwep,19.66,2,54,Male,,Not Hispanic or Latino,['White'],Bachelor degree
mturk,23roarl5lmi0mvinzpuf1set,15.06,3,38,Female,,Not Hispanic or Latino,['Asian'],Bachelor degree
mturk,26umv502g01h2zn7nv9vodj3,23.47,1,23,Female,,Not Hispanic or Latino,['White'],Some college
mturk,2afu43wgwak7ijursn68u4fd,16.87,1,37,Male,,Not Hispanic or Latino,['Asian'],Bachelor degree
mturk,2d4fbu9ox76w3ifwsfdb0c2a,18.7,3,39,Male,,Not Hispanic or Latino,['Asian'],Bachelor degree
mturk,2f30zpz2mz0coozy0isyiz5k,18.4,1,37,Female,,Not Hispanic or Latino,['Black or African American'],Some college
mturk,2j8m8w6b2mj1mw6vz6mhtjv3,23.18,2,34,Male,,Not Hispanic or Latino,['Asian'],Master degree or higher
mturk,2vyd0ohyce67zdz760klr57i,17.64,4,43,Male,,Not Hispanic or Latino,['White'],Associate degree
mturk,31n1hq2mauxgnxl0izmsnpmv,16.42,5,30,Male,,Not Hispanic or Latino,['White'],High school
mturk,341ny9ov0p4kuggcmxp557cr,18.28,22,33,Male,,Not Hispanic or Latino,['White'],Some college
mturk,36b1389gkdwjz4a89l6pez8r,17.23,1,37,Male,,Hispanic or Latino,['White'],Bachelor degree
mturk,3a6dyg66j65n70qr1pl9pjd5,19.4,5,49,Female,,Not Hispanic or Latino,['White'],Bachelor degree
mturk,3brtagj6mceqw49h7u53tweo,19.81,3,32,Male,,Not Hispanic or Latino,['White'],Some college
mturk,3cc0axr3z0cygaht0v3yo50s,16.28,21,36,Male,,Not Hispanic or Latino,['White'],Bachelor degree
mturk,3yo7g2nyb1apz1cidqqezdz3,15.33,9,32,Male,,Hispanic or Latino,['White'],Bachelor degree
mturk,41ru6wihpstz8ayui2dvfl3n,15.89,7,33,Male,,Not Hispanic or Latino,['White'],Bachelor degree
mturk,44ozylbx6hh8hloff9wnkddj,32.93,4,30,Male,,Not Hispanic or Latino,['White'],Bachelor degree
mturk,48merez0zsw5pv6n5hyuipoi,16.26,2,28,Male,,Not Hispanic or Latino,['White'],Bachelor degree
mturk,4ba3uiyk5if6c05wgzs1ouk0,27.51,11,20,Male,,Not Hispanic or Latino,['Asian'],High school
mturk,4damne6idlvok1helaxjwf9i,19.21,11,28,Male,,Not Hispanic or Latino,['Rather not say'],Bachelor degree
mturk,4mjnvu0ajydrlp4uvxpkmvjq,22.95,1,71,Female,,Not Hispanic or Latino,['White'],Master degree or higher
mturk,4udxqmvw1zv6yoqtr3a2l10a,15.39,1,36,Female,,Not Hispanic or Latino,['White'],Some college
mturk,53ozqolox83l00y3ie9d8lcj,14.78,3,27,Male,,Not Hispanic or Latino,['White'],Bachelor degree
mturk,53teasevio3ayklsi6z5hy3t,20.39,115,36,Female,,Not Hispanic or Latino,['White'],Bachelor degree
mturk,541udcdxb1s3ttpkgrz54sh4,17.57,5,47,Female,,Not Hispanic or Latino,['White'],Some college
mturk,5b6xqwr3z4t2z1y3sm1u60km,14.2,7,38,Male,,Not Hispanic or Latino,['White'],High school
mturk,5jukimd941zqcryswb1skzpx,22.23,30,32,Male,,Not Hispanic or Latino,['White'],Bachelor degree
mturk,647ruylfxseijknnr8bbm5f2,27.57,1,35,Male,,Not Hispanic or Latino,['White'],Bachelor degree
mturk,6f5rr3zly2ul5t110l5b7xk6,13.62,3,29,Female,,Hispanic or Latino,"['Black or African American', 'White']",High school
mturk,6myrp1y7m42waecwz2iz8d9z,18.32,3,31,Female,,Not Hispanic or Latino,['Asian'],Master degree or higher
mturk,6wrgg0eq7yluo0pm8rgljl2t,21.02,11,38,Male,,Not Hispanic or Latino,"['Asian', 'White']",High school
mturk,6x6ewrf60bie2thzzq2gmfmu,27.71,1,56,Male,,Not Hispanic or Latino,['White'],Bachelor degree
mturk,78p39d3i2kp72ux5yyxn1bte,16.7,3,33,Male,,Not Hispanic or Latino,['White'],Some college
mturk,7azgmo2rh8l9h3appuq8k0o9,26.93,1,44,Male,,Not Hispanic or Latino,['White'],Some college
mturk,7b2sclga9stlmjzmklna3ozk,19.61,1,56,Female,,Not Hispanic or Latino,['White'],Some college
mturk,7jt8n4iselziw5v041bfl58t,16.81,1,35,Male,,Not Hispanic or Latino,['White'],High school
mturk,87od1rx146vvijdu6iubdhsf,28.82,17,50,Female,,Not Hispanic or Latino,['White'],Bachelor degree
mturk,8ehs3ohffbjv8gjqgptt9d1t,20.29,1,46,Female,,Not Hispanic or Latino,['White'],Associate degree
mturk,8h48j37z89ct17rp42osqxge,16.57,14,32,Male,,Not Hispanic or Latino,['White'],Bachelor degree
mturk,8map1iet5ddnonpumqe7o9av,15.47,1,46,Male,,Not Hispanic or Latino,['White'],Some college
mturk,8npip6bkhytavwzz40v9xr3n,19.75,1,27,Male,,Not Hispanic or Latino,['Black or African American'],High school
mturk,8r3zvypk0bnvql2q8ow7kcb0,24.4,85,29,Male,,Not Hispanic or Latino,['Asian'],Bachelor degree
mturk,932nd2fkjzq8o1uvi0s0r6vw,17.98,1,58,Female,,Not Hispanic or Latino,['White'],Bachelor degree
mturk,9kppcbxt5yd74k68o9ojna5l,21.3,1,41,Male,,Not Hispanic or Latino,['White'],Master degree or higher
mturk,9lj76u5t16q8p5em57ghbd3m,15.24,1,28,Male,,Hispanic or Latino,['American Indian/Alaska Native'],Bachelor degree
mturk,9pvy5dx33eiw5s376mkqah3w,31.71,6,40,Male,,Not Hispanic or Latino,['White'],High school
mturk,9sofaz55jn70p37kkyrwfs7h,18.74,1,48,Female,,Not Hispanic or Latino,['White'],Bachelor degree
mturk,9triih2u2jyp9z4it4nztit8,16.08,2,42,Female,,Not Hispanic or Latino,['Black or African American'],High school
mturk,9u9iluu4er47b16ydcetlrri,21.88,1,27,Male,,Hispanic or Latino,['White'],Associate degree
mturk,9xmesfr8fle9kunau40wmoev,18.57,3,46,Male,,Not Hispanic or Latino,['White'],Bachelor degree
mturk,a0v3jzo92of3zjvwoeo6vmpg,19.56,1,55,Male,,Not Hispanic or Latino,['White'],Master degree or higher
mturk,a67jyfn6po846n718npgj607,35.29,1,66,Male,,Not Hispanic or Latino,['Asian'],Some college
mturk,aolor455qvlnq3vmcb974ps5,16.16,3,45,Male,,Not Hispanic or Latino,['Black or African American'],Master degree or higher
mturk,avfujzgtegxt24dd8f2chcnc,15.23,1,40,Female,,Not Hispanic or Latino,['White'],High school
mturk,aws11s2jo537qnscvnb30a3v,14.13,1,28,Male,,Not Hispanic or Latino,['Asian'],Bachelor degree
mturk,ax7h5iawpe2fevn24tagkpkc,27.55,2,53,Male,,Not Hispanic or Latino,['White'],Bachelor degree
mturk,b4i8xjo1y67ver8ih3m9d06n,19.54,3,30,Female,,Not Hispanic or Latino,['White'],Bachelor degree
mturk,beqcc6ncidwpngxy9blbmwwg,26.39,3,37,Male,,Not Hispanic or Latino,['White'],High school
mturk,bk21s6rw0enc8kqvq5g55f1d,24.25,10,41,Male,,Not Hispanic or Latino,['White'],Master degree or higher
mturk,c7x9th55z7scxc7v94r3frmq,16.97,1,44,Male,,Not Hispanic or Latino,['White'],Bachelor degree
mturk,cfs7l0pcmq8ocktzfwwr5s1k,15.48,1,31,Female,,Not Hispanic or Latino,['White'],Some college
mturk,cgnuq1quygnikvf0tmld80gx,32.72,10,58,Female,,Not Hispanic or Latino,['White'],High school
mturk,cjlkgbnhyrvwabk5u104j2ni,19.38,3,41,Female,,Not Hispanic or Latino,['White'],Some college
mturk,cjy6pckoe7elutfjvjspz899,28.57,1,31,Male,,Not Hispanic or Latino,['Black or African American'],Associate degree
mturk,cl0hfgf11jot3ikjnsruivcz,19.17,1,46,Female,,Not Hispanic or Latino,['White'],Bachelor degree
mturk,cszj0l6uqdkurp4dmbcw8fwi,16.96,17,25,Female,,Not Hispanic or Latino,['Asian'],High school
mturk,cv17bxobn4cdhrgotg3ap1aw,18.99,1,39,Male,,Not Hispanic or Latino,['White'],Bachelor degree
mturk,dj19ieorj50cs6dperszsw5j,17.74,3,29,Male,,Not Hispanic or Latino,['White'],Bachelor degree
mturk,djqa2e4nnihalyvpo44hkx1x,13.52,19,45,Male,,Hispanic or Latino,['White'],Master degree or higher
mturk,dqs9bnj9w6begliewhe7ycbo,29.48,1,41,Male,,Hispanic or Latino,"['American Indian/Alaska Native', 'Black or African American']",Bachelor degree
mturk,e27j7r2ly0oyl984w1n0h2qm,16.0,1,35,Male,,Not Hispanic or Latino,['White'],Master degree or higher
mturk,e5iqml6t63g9mfk6fylwc197,14.6,1,29,Male,,Not Hispanic or Latino,['White'],Bachelor degree
mturk,e6dhkkt1f8gqesyuukd1s1eh,16.21,5,37,Male,,Not Hispanic or Latino,['White'],Associate degree
mturk,e9mzms2s82oslgused1r3nfa,16.8,9,35,Male,,Not Hispanic or Latino,['White'],High school
mturk,eevmr1z0nsh9s96lrde59vwl,20.06,1,60,Male,,Not Hispanic or Latino,['White'],Some college
mturk,ekfpn5l2bq0acuu4f2zsvhet,21.01,3,54,Female,,Not Hispanic or Latino,['White'],Master degree or higher
mturk,ekjg1id0x7wh1yvwe416n01q,15.4,1,26,Male,,Not Hispanic or Latino,['Asian'],Some college
mturk,el0f400yacyhv9z0xzt7e6n1,22.47,1,53,Female,,Not Hispanic or Latino,['White'],Bachelor degree
mturk,eu49k2titg3ouvminvav85yw,13.9,1,30,Female,,Not Hispanic or Latino,['White'],Bachelor degree
mturk,ey5cecw68am9sy0qrkkek7x2,17.23,1,49,Female,,Not Hispanic or Latino,['White'],Bachelor degree
mturk,fgser2b9vvxod0kw5ncpilot,19.0,1,31,Female,,Not Hispanic or Latino,['White'],High school
mturk,fi1u5q9mpyqdjo4pc8ve5mvf,19.71,1,67,Female,,Not Hispanic or Latino,['White'],Some college
mturk,fq2mzf40dbqifxmxr4k6rk47,13.85,1,32,Female,,Not Hispanic or Latino,['White'],Master degree or higher
mturk,fsjmf8n5zoxe4a17sp7mmxrk,17.12,7,42,Male,,Not Hispanic or Latino,['White'],Bachelor degree
mturk,g3lotbcyh8zvp5g6sv7zxzuo,13.05,9,38,Male,,Not Hispanic or Latino,['White'],High school
mturk,g7tccd48q9wztjq1icrbs6q3,23.18,14,54,Female,,Not Hispanic or Latino,['White'],Master degree or higher
mturk,gmppood7kh931y4urv5uhs4a,22.45,36,45,Male,,Not Hispanic or Latino,['Asian'],Master degree or higher
mturk,gng7advsw2f4bapv99vf84fv,20.48,13,31,Male,,Hispanic or Latino,['White'],High school
mturk,gt3hw6qzsddqr0ffd59cf2h9,17.85,3,60,Male,,Not Hispanic or Latino,['White'],Bachelor degree
mturk,h85dvmp66vn28dgqtc1h0yqc,20.39,1,59,Female,,Not Hispanic or Latino,['White'],High school
mturk,hadvq5vn2e842sz1vu2838pm,20.62,2,55,Female,,Not Hispanic or Latino,['White'],Associate degree
mturk,hmtggd56y81ersiwgaza43by,20.85,3,60,Male,,Not Hispanic or Latino,['White'],Bachelor degree
mturk,hok36g102ajchq0t4ctvx0fq,13.8,1,31,Male,,Not Hispanic or Latino,['White'],Master degree or higher
mturk,hr6d8gtv9frx07siue74c7pf,15.8,15,36,Female,,Hispanic or Latino,['White'],Some college
mturk,hs7raazp656j1ys4vn6vhlph,21.6,3,37,Female,,Not Hispanic or Latino,['White'],Bachelor degree
mturk,hspal5dcif68mi90u1bo7uws,21.15,1,30,Male,,Not Hispanic or Latino,['White'],Bachelor degree
mturk,hv5q4nzk8wnd491016jv34bo,25.36,10,43,Female,,Not Hispanic or Latino,['White'],Master degree or higher
mturk,hxxwqmgogfhqelvp77f2vrbx,18.31,8,49,Male,,Hispanic or Latino,['White'],Master degree or higher
mturk,hycx9fud51hzfbxcayw3zmzl,19.08,1,30,Male,,Not Hispanic or Latino,['White'],High school
mturk,i0crny7klhunecn88vy2z09l,25.9,1,50,Female,,Not Hispanic or Latino,['White'],Some college
mturk,idte7e818070rgy2utv7pppj,31.72,3,56,Male,,Not Hispanic or Latino,['White'],Some college
mturk,iv3nzmpjvba3e12dnuya367k,15.33,1,24,Female,,Not Hispanic or Latino,['White'],Bachelor degree
mturk,iys46f7rt7z6glrmrahxdyas,18.73,1,62,Male,,Not Hispanic or Latino,['White'],Some college
mturk,jedoaoppvjj4t7omjjq720hv,19.72,1,43,Female,,Not Hispanic or Latino,['White'],Associate degree
mturk,jq65i8e6znkoeil021tahcsp,20.13,1,53,Female,,Not Hispanic or Latino,['White'],Associate degree
mturk,jyn4votldgut5en8z83abynv,16.1,1,28,Female,,Not Hispanic or Latino,['White'],Associate degree
mturk,k6xlxosw3cpsrchxw360cd35,16.39,7,34,Male,,Not Hispanic or Latino,['White'],Associate degree
mturk,ka459iov6b5pkn2djfknwgvt,18.81,3,54,Male,,Not Hispanic or Latino,['White'],Bachelor degree
mturk,kdgjhgo39w74uyym8xh7228c,16.26,5,31,Other,non-binary,Not Hispanic or Latino,['White'],Bachelor degree
mturk,kmn6csp86o6rvy011opg0p5u,19.9,18,34,Male,,Not Hispanic or Latino,['White'],Bachelor degree
mturk,krt1skqswbuufb91e1cxcvnu,16.43,1,32,Male,,Not Hispanic or Latino,['White'],High school
mturk,l16q2lm3ricf6y0ppmj7cvzd,19.14,5,31,Female,,Not Hispanic or Latino,['White'],High school
mturk,ldrunpc8u0c11240hgpym0sc,19.27,1,42,Male,,Not Hispanic or Latino,['White'],Some college
mturk,lq8i1tqvsisw6bu65eumu8rj,22.42,1,55,Male,,Not Hispanic or Latino,['White'],Associate degree
mturk,ly2advi3b39qizqlplzj0ol3,16.89,2,45,Female,,Not Hispanic or Latino,['White'],Bachelor degree
mturk,m4izvla3yainx7q8g5evlr84,16.33,17,45,Male,,Hispanic or Latino,['Black or African American'],Master degree or higher
mturk,m4w706l0jiclptjwg4t27s33,23.56,8,30,Female,,Not Hispanic or Latino,['White'],Bachelor degree
mturk,m8nrpifkfb1hgsc7yvwcav4o,20.86,9,39,Female,,Not Hispanic or Latino,['Asian'],Associate degree
mturk,mbk82a0qyyx2fnl3tyhjt5q3,18.0,8,63,Female,,Not Hispanic or Latino,['Black or African American'],Master degree or higher
mturk,mhddriyp5i3xuoyzhskt00sf,32.65,17,25,Male,,Not Hispanic or Latino,['White'],Bachelor degree
mturk,n9q8lzf5y3kpcnfqrxrv606t,19.34,1,44,Male,,Not Hispanic or Latino,['White'],Some college
mturk,nzte1hdqjfe4s7rhpy93790g,22.99,1,60,Female,,Not Hispanic or Latino,['White'],Associate degree
mturk,o6xkqlzz9vwgevbjavrc52by,19.58,1,37,Female,,Not Hispanic or Latino,['White'],Bachelor degree
mturk,ok7ssgk65sj9ug52zqkh8k8v,25.39,5,45,Female,,Not Hispanic or Latino,['White'],Associate degree
mturk,ol9937wlvzp8prpx0wk1p8tq,19.35,57,40,Male,,Not Hispanic or Latino,"['Asian', 'White']",Associate degree
mturk,ozyppqm0fv26le3u1wm2b98c,15.41,1,26,Male,,Not Hispanic or Latino,['White'],High school
mturk,p69jax425u60h4xu1ogkhhsa,26.7,1,31,Female,,Not Hispanic or Latino,['White'],Bachelor degree
mturk,ph3855evmowhomqadzox10cy,19.93,3,35,Male,,Not Hispanic or Latino,['White'],High school
mturk,pl0k36pwbdtt78v7rlbg6mdr,16.16,1,27,Male,,Not Hispanic or Latino,['Asian'],Bachelor degree
mturk,pv6p318w830y07rh34pjdob1,20.89,3,57,Male,,Not Hispanic or Latino,['White'],High school
mturk,px7od962abk1ftbc20jt3i31,20.45,1,42,Male,,Not Hispanic or Latino,['White'],High school
mturk,pyr8oazt0z1pz9t54cpw65n7,22.81,5,39,Male,,Not Hispanic or Latino,['Black or African American'],High school
mturk,q98bic9tt7za4whhocwhq83e,17.17,12,47,Male,,Not Hispanic or Latino,"['Black or African American', 'White']",Some college
mturk,qo3vc2thdfzuqkfb40u7apxm,17.94,1,38,Female,,Not Hispanic or Latino,['White'],Master degree or higher
mturk,r2i712b89sbu75u0hp1vc862,17.33,1,27,Male,,Not Hispanic or Latino,['White'],High school
mturk,riofg9i665rl1ffxw3m3jtfi,20.11,24,29,Male,,Not Hispanic or Latino,['White'],Bachelor degree
mturk,rjyb49jlxlcbklw10q95uvep,21.79,1,40,Male,,Not Hispanic or Latino,['White'],Some college
mturk,rx84yok45y1omwx7fvicofu1,13.87,1,25,Male,,Not Hispanic or Latino,['White'],Bachelor degree
mturk,s3ns2a3lbtmdlqhp5i5mszbd,18.33,2,46,Male,,Not Hispanic or Latino,['White'],Bachelor degree
mturk,s8y5jxk3i3a752gch98w784a,19.85,1,37,Female,,Not Hispanic or Latino,['Asian'],Bachelor degree
mturk,sxib4w1g547xzlvrznq9mq0s,21.87,1,67,Male,,Not Hispanic or Latino,['White'],Associate degree
mturk,szzxsw3dy0v40brx2d6u95n3,15.06,1,35,Male,,Not Hispanic or Latino,['Black or African American'],High school
mturk,t4tu4604sv8emh77bpdoyc8h,19.24,1,29,Male,,Not Hispanic or Latino,['White'],High school
mturk,t7wl9gcdkxx0y9me8x3g1a59,31.88,7,30,Male,,Hispanic or Latino,['American Indian/Alaska Native'],Bachelor degree
mturk,tb2dzodh7vcjtb6jppie8uop,20.8,5,40,Female,,Not Hispanic or Latino,['White'],High school
mturk,tkr5namy0iqoy12rqd5qoi64,21.3,1,48,Female,,Not Hispanic or Latino,['White'],Bachelor degree
mturk,trg387gjrlqo54kfduw6qav1,17.08,11,23,Male,,Not Hispanic or Latino,['White'],Some college
mturk,u2c8ssd2b5bj2waollwfvlqn,17.65,7,34,Male,,Not Hispanic or Latino,['Black or African American'],Some college
mturk,u380t8v6c74f5jsu4d7ckf7h,21.41,1,41,Male,,Not Hispanic or Latino,['White'],High school
mturk,uh6y73yws6zzz80ituv0hpd6,29.19,6,30,Male,,Not Hispanic or Latino,['Black or African American'],Associate degree
mturk,uvc7akya9ypsier79utz7oc3,15.32,1,25,Female,,Not Hispanic or Latino,['White'],Bachelor degree
mturk,uvuwv50ezg0vnxfav8kg79ti,20.83,6,50,Male,,Not Hispanic or Latino,['White'],Some college
mturk,v0cct39zcjo2zthf0p2r8q9j,16.93,1,31,Male,,Not Hispanic or Latino,['White'],Some college
mturk,vdav0as1scpk1f20f213qefm,20.97,1,37,Male,,Hispanic or Latino,['White'],Bachelor degree
mturk,vf6p01u2sn471bn2tfm4ylfu,17.06,1,47,Female,,Not Hispanic or Latino,['White'],Bachelor degree
mturk,vkkgktpifprvj5yvbuxmvrmf,20.51,1,40,Female,,Hispanic or Latino,['White'],Some college
mturk,vwkj7lx71gc5h8nf5yvdlgxj,20.69,1,34,Female,,Not Hispanic or Latino,"['Asian', 'Black or African American']",Bachelor degree
mturk,vxjie5aknmd8pe3omzxi0gbg,17.49,6,28,Male,,Not Hispanic or Latino,['White'],Bachelor degree
mturk,w052ejxle7ws40loa18nen5x,39.51,9,37,Male,,Not Hispanic or Latino,['White'],Bachelor degree
mturk,w6fx5qz7ptvc0pya61avt2nh,15.29,1,30,Male,,Not Hispanic or Latino,['White'],Bachelor degree
mturk,wmhcq79h36dhbf3ie2u4wkzk,20.66,3,56,Female,,Not Hispanic or Latino,['White'],Master degree or higher
mturk,wv307r9ac17iwjzgew9og8y4,16.05,8,40,Male,,Not Hispanic or Latino,['White'],Bachelor degree
mturk,x7luekogz3hpc421mfo6on53,15.12,1,28,Male,,Not Hispanic or Latino,['White'],Some college
mturk,xfejvrt2pe1jhg0ucjolxr4r,17.4,3,42,Male,,Not Hispanic or Latino,['White'],Some college
mturk,xl5bv1uyximl3owh5n8a4qnj,19.81,32,32,Male,,Not Hispanic or Latino,['White'],Less than high school
mturk,xsmvlajz7beqr92708t897om,17.41,14,32,Male,,Hispanic or Latino,['White'],Bachelor degree
mturk,xwpwjoegm3bkkeaffo40xcti,20.82,3,25,Female,,Not Hispanic or Latino,['White'],High school
mturk,yedpfqj7ua7v9eirohchnfty,19.87,1,33,Male,,Not Hispanic or Latino,['White'],Bachelor degree
mturk,yfhqqn5t4v7uyi83torwvyq6,21.04,1,49,Male,,Not Hispanic or Latino,['White'],Bachelor degree
mturk,yfir8iagr24rsblt9h4fo23s,27.36,5,28,Male,,Not Hispanic or Latino,['White'],Bachelor degree
mturk,yifb1eq0bsewqtsro46ko76p,18.73,20,27,Female,,Not Hispanic or Latino,['White'],Some college
mturk,yp3o5puj2brso463dzctwb6p,19.18,3,25,Male,,Not Hispanic or Latino,['White'],High school
mturk,yr1uh1nb9o9za00rjjwh5sn2,25.83,1,40,Female,,Not Hispanic or Latino,['White'],Bachelor degree
mturk,yzg5l7m2j8pizq2v0hwaliwy,17.99,1,51,Male,,Not Hispanic or Latino,['White'],Bachelor degree
mturk,z3jtdacjbzbk8m1ckdr1sgjm,21.71,1,33,Male,,Not Hispanic or Latino,['White'],Master degree or higher
mturk,z5vnzn08wicf6zwa8c7rzv40,19.81,3,52,Male,,Not Hispanic or Latino,['White'],Bachelor degree
mturk,zi40wtdno8jztn61nkm80t29,24.61,1,63,Female,,Not Hispanic or Latino,['White'],Master degree or higher
prolific,0jb9bv4ctxbace6od3v796kv,35.28,1,24,Male,,Not Hispanic or Latino,['Black or African American'],Bachelor degree
prolific,0pe0sx3pdyimetbgtq8qjxue,24.6,2,,Female,,Not Hispanic or Latino,"['American Indian/Alaska Native', 'White']",Master degree or higher
prolific,0u3qokx6l6c33f49b06x28b3,26.7,1,33,Male,,Not Hispanic or Latino,['Black or African American'],Associate degree
prolific,12nt8v2ffq6dakyi6ogri658,23.11,1,65,Female,,Not Hispanic or Latino,['White'],Bachelor degree
prolific,1nbpphzyv4kltogxnjpe9gcf,22.56,1,42,Female,,Not Hispanic or Latino,['White'],Master degree or higher
prolific,1p6derdbvddvy27eqaqq0hbq,26.22,1,33,Female,,Not Hispanic or Latino,['White'],Bachelor degree
prolific,1tcfs07jvo1sz2rj3y0n84e0,18.63,1,34,Male,,Rather not say,['White'],Associate degree
prolific,1vn3t8qrfznvmoho2xs802b0,23.18,1,23,Female,,Not Hispanic or Latino,['White'],Bachelor degree
prolific,1zai1redh719oqydr4cs3vd6,19.96,1,47,Female,,Not Hispanic or Latino,['White'],Bachelor degree
prolific,257x1hb96j6qcfs2l0j5n4k6,20.42,1,48,Female,,Not Hispanic or Latino,['White'],Associate degree
prolific,2bjxrppeooocweyyujbn6qk7,19.01,2,24,Male,,Not Hispanic or Latino,['Asian'],Some college
prolific,2zqpou4phq2m0xbul916ewkh,20.59,2,33,Other,Genderqueer,Hispanic or Latino,"['American Indian/Alaska Native', 'Asian', 'Native Hawaiian or other Pacific Islander', 'Black or African American', 'White']",Bachelor degree
prolific,34ksw3omnc9vhydybc8smx7x,20.65,1,29,Female,,Not Hispanic or Latino,['Asian'],Bachelor degree
prolific,37c50lv6zuyruxvfazy2vldm,28.9,3,48,Female,,Not Hispanic or Latino,['Asian'],Bachelor degree
prolific,382wgsvnd8sti5d8hujd7249,63.9,3,40,Male,,Not Hispanic or Latino,['Asian'],Master degree or higher
prolific,384ladtgr63ztr04ga1k3xf8,22.78,2,20,Female,,Not Hispanic or Latino,['White'],Some college
prolific,3lw740p8o08tcxssvpyudafl,31.84,41,58,Female,,Not Hispanic or Latino,['White'],Some college
prolific,3x3kmuh4w798bjgbgiq5i1a1,17.8,1,34,Female,,Not Hispanic or Latino,['White'],Some college
prolific,43ruv514ombj94zvo2j77e9r,24.35,14,48,Male,,Not Hispanic or Latino,['White'],Some college
prolific,4p1timf30pp1dlf0nll0fwgx,24.65,1,20,Female,,Not Hispanic or Latino,['Asian'],High school
prolific,4u5rimez0dm5mpec64vu7xun,28.13,5,33,Male,,Not Hispanic or Latino,['Asian'],Bachelor degree
prolific,4vuls9jvdjikhbmmqfrlou2j,16.71,1,26,Female,,Not Hispanic or Latino,['White'],Bachelor degree
prolific,4wwt6jsgb9xp23tq5m1n36fm,19.76,3,37,Male,,Not Hispanic or Latino,['White'],High school
prolific,59qqyefbs8awpnidknymlf6a,16.92,2,34,Male,,Not Hispanic or Latino,['White'],Associate degree
prolific,5a131r8uxgoe2bm4yhrjte49,19.84,3,37,Female,,Not Hispanic or Latino,['White'],Bachelor degree
prolific,5d5olhwq2wimhfml0wy69g6s,17.85,1,23,Female,,Not Hispanic or Latino,['Asian'],Bachelor degree
prolific,5dq4wt9oxfzv68sxrag5e79t,26.08,5,36,Female,,Not Hispanic or Latino,['White'],High school
prolific,5j5mcgfy09at5fyb22zhi2d3,19.15,1,49,Female,,Not Hispanic or Latino,['White'],Master degree or higher
prolific,5jd6erp8x2eqounvjj98zdsf,37.3,2,55,Male,,Not Hispanic or Latino,['Asian'],Bachelor degree
prolific,5pxnm7sukoqgngsqnp0mv7i9,17.45,1,26,Female,,Not Hispanic or Latino,['White'],Bachelor degree
prolific,5z9v2ryycut8u8hwyjqgg73f,21.26,1,48,Female,,Not Hispanic or Latino,['White'],Bachelor degree
prolific,657973204m3henx8rmanaor0,18.12,1,31,Female,,Not Hispanic or Latino,"['Black or African American', 'White']",High school
prolific,66tr8bab3lutzcj82mg8n1av,17.99,1,26,Male,,Not Hispanic or Latino,['White'],Some college
prolific,6i9ifk21e1x3wxu6exh76qpc,26.47,1,21,Female,,Not Hispanic or Latino,['Black or African American'],Bachelor degree
prolific,6ks2exlsepug0yrkie0xodcn,21.1,10,25,Male,,Not Hispanic or Latino,['Asian'],Master degree or higher
prolific,6qgap2k83f5klrrb93unfw9v,21.41,3,39,Female,,Not Hispanic or Latino,['White'],Master degree or higher
prolific,6ugl2534otu1q3varrk0iczz,20.66,1,21,Female,,Hispanic or Latino,['White'],Bachelor degree
prolific,6xk6yejeauxzcbe2mc17hq6k,19.02,1,26,Female,,Not Hispanic or Latino,"['American Indian/Alaska Native', 'White']",Associate degree
prolific,7149kr4102nwabse179yfc3i,19.42,1,28,Male,,Not Hispanic or Latino,['White'],Bachelor degree
prolific,72z6yo65cl791bmozpo4ieps,16.84,1,25,Female,,Not Hispanic or Latino,['Asian'],High school
prolific,7878vecjapkgzfos6te8eg6y,15.97,4,39,Male,,Not Hispanic or Latino,['White'],Some college
prolific,7g6t76jdf27s94vfkxyq0du8,17.82,0,31,Male,,Hispanic or Latino,['White'],Associate degree
prolific,7sbb05iaugzaynshtjhn451d,23.31,13,33,Male,,Not Hispanic or Latino,['Asian'],Master degree or higher
prolific,7wle9rqnbvs8ynjhhu6o63q0,15.77,2,29,Male,,Not Hispanic or Latino,['Asian'],Bachelor degree
prolific,7x1njn5k029fl459rs290xcp,26.59,3,33,Female,,Hispanic or Latino,['White'],Bachelor degree
prolific,893ty9pmay717337m0a02dfb,15.98,1,26,Male,,Not Hispanic or Latino,['White'],Some college
prolific,8b8fb9wrxuaiu648hr70pfoo,17.18,1,25,Female,,Not Hispanic or Latino,['White'],Bachelor degree
prolific,8x3kb15ikujsl76kx45zqewr,22.94,1,35,Female,,Rather not say,"['Asian', 'White']",Bachelor degree
prolific,93ba929o9rliza6quzy8ep5o,66.63,2,76,Male,,Not Hispanic or Latino,['White'],Some college
prolific,9qrpae47d23eevhs6fvcfml0,20.3,1,34,Female,,Not Hispanic or Latino,['White'],Master degree or higher
prolific,9qx0zsyw0jhb7gdoyyd46vqp,17.54,3,22,Female,,Not Hispanic or Latino,['Black or African American'],Associate degree
prolific,9wg1ljd3g5ten108z5o6bykw,15.84,6,26,Female,,Not Hispanic or Latino,"['Asian', 'Native Hawaiian or other Pacific Islander']",Bachelor degree
prolific,9yplawi1jqxdp7b05a19nrjr,23.05,3,34,Female,,Not Hispanic or Latino,['Asian'],Master degree or higher
prolific,a9t1zb8cmmad0b2d1nuj8iel,26.15,2,40,Female,,Not Hispanic or Latino,['White'],Bachelor degree
prolific,ab2cisoreqaymzppbzwtuk8u,21.39,3,20,Male,,Not Hispanic or Latino,['Asian'],High school
prolific,ahwaq9kscb9832pg4vd6xpy9,25.91,34,42,Female,,Not Hispanic or Latino,['Asian'],Master degree or higher
prolific,aizyfgwj0955btutxxtk4qw0,19.04,1,26,Female,,Not Hispanic or Latino,['White'],Some college
prolific,als9tmnggbff9b7bmklr7tpn,38.45,3,42,Male,,Not Hispanic or Latino,['Black or African American'],Associate degree
prolific,aqgrd6d851o1i3jbdzz0le07,18.79,1,19,Female,,Not Hispanic or Latino,['White'],Some college
prolific,asy8ctu3u12f03avhncx9ifz,34.35,1,63,Female,,Not Hispanic or Latino,['White'],Bachelor degree
prolific,b6tuedxfxi8lbd8fzfrh1ct1,15.65,1,19,Female,,Not Hispanic or Latino,['White'],High school
prolific,br9eyguwenyycjsnos16b26y,17.89,2,29,Female,,Not Hispanic or Latino,['White'],Bachelor degree
prolific,c1jwhk20c7jpj17aron5h9ue,29.99,4,52,Female,,Not Hispanic or Latino,['White'],Bachelor degree
prolific,c7c1j7lk70r7fu2byi9azbr4,37.27,3,22,Female,,Not Hispanic or Latino,['Asian'],Bachelor degree
prolific,c7vvvbo2d87dr94npk3pseoh,20.23,7,35,Male,,Not Hispanic or Latino,"['Asian', 'White']",Associate degree
prolific,c8bh3ny1trtn82bmg2ucahns,39.53,30,31,Male,,Not Hispanic or Latino,['White'],Some college
prolific,cp3eijyznqyvkq8uirlq7mdn,16.41,1,28,Male,,Not Hispanic or Latino,['Asian'],Master degree or higher
prolific,ct5pvmj6pxggr6vkt55l4y0q,19.1,1,25,Female,,Not Hispanic or Latino,['White'],Some college
prolific,cuibczo7f87ve5jstagcrx3c,29.63,2,51,Female,,Not Hispanic or Latino,['White'],Bachelor degree
prolific,d5da21mkleu96hhpxvduf1dn,19.67,1,26,Male,,Not Hispanic or Latino,['White'],Associate degree
prolific,d72wkg38bljdq4h1pydeek5u,19.7,1,37,Female,,Not Hispanic or Latino,['White'],Bachelor degree
prolific,devmfr9aifpivdq5zxt7vnfg,20.65,1,26,Female,,Not Hispanic or Latino,['White'],Associate degree
prolific,dgnujns05946ptszresrw0pv,15.48,1,21,Female,,Not Hispanic or Latino,['Asian'],Some college
prolific,di3cbcdatg3d706au0m9y2us,18.68,1,56,Female,,Not Hispanic or Latino,['White'],Bachelor degree
prolific,dmtoofs22fbx3uuanyfiudhb,36.73,13,34,Female,,Not Hispanic or Latino,['White'],Bachelor degree
prolific,dmuztkeglco86zl20h5mb15d,18.35,5,19,Female,,Not Hispanic or Latino,['Asian'],Some college
prolific,drvw9oc3bl7qtlqqrgwr9f7f,19.65,1,45,Female,,Not Hispanic or Latino,['White'],High school
prolific,dyo8qz1ux1xsafr692zdkjkp,22.56,2,29,Female,,Not Hispanic or Latino,['Asian'],Master degree or higher
prolific,e08kjjy9ys5ujgeei2ydaz1a,16.35,2,32,Female,,Not Hispanic or Latino,['White'],Bachelor degree
prolific,ec6ausmi02zmnanm4kdzd9kc,31.21,8,42,Male,,Not Hispanic or Latino,['White'],High school
prolific,enwokwnmv00idz5j5elsl7k0,21.51,1,42,Male,,Rather not say,['Asian'],Bachelor degree
prolific,eplp09mygiexbnagqwlt5scn,224.31,8,24,Female,,Not Hispanic or Latino,['White'],Bachelor degree
prolific,etm3yqjz3a4yw6o9q73rtsra,21.84,2,24,Male,,Not Hispanic or Latino,['White'],Bachelor degree
prolific,f9sqabv6r76hv0xrngyk2a0j,25.68,1,44,Male,,Not Hispanic or Latino,['White'],Some college
prolific,fi9wbgp2lgcx2yruj2w4cb8t,19.13,18,29,Female,,Not Hispanic or Latino,['White'],Master degree or higher
prolific,g0m35fgnzwq5tsmqgotl355u,18.52,1,36,Male,,Not Hispanic or Latino,['White'],Associate degree
prolific,gn81o2kud6coc0cq07m3hpzx,18.2,1,42,Male,,Not Hispanic or Latino,['Asian'],Bachelor degree
prolific,h317b5xkl70l63yn31r3rvtf,17.14,1,23,Female,,Not Hispanic or Latino,['White'],Some college
prolific,h6tot50im76pdab4nk4x1vr2,16.03,10,22,Female,,Not Hispanic or Latino,['White'],Some college
prolific,ha2muzcawperlmlqxdhem8ch,19.16,1,42,Female,,Not Hispanic or Latino,['White'],Master degree or higher
prolific,hdrk1wq0zq0zlr157v8cqjuz,20.37,1,36,Male,,Not Hispanic or Latino,['White'],High school
prolific,hqhsirqz4ggh8050cgdg8wob,18.33,1,30,Female,,Not Hispanic or Latino,['White'],Master degree or higher
prolific,hxqftajl74dyu4o7jc43on4v,16.05,1,36,Female,,Not Hispanic or Latino,"['Black or African American', 'White']",Bachelor degree
prolific,i3ovru3whh9ud80rklo21ixr,19.34,1,23,Female,,Not Hispanic or Latino,['Asian'],Bachelor degree
prolific,iqb2dfkqgo1hu3t7qd7wif66,21.18,1,26,Other,non-binary,Not Hispanic or Latino,['White'],Some college
prolific,irogvuv9pa2un8912xd5tri3,21.25,4,36,Male,,Not Hispanic or Latino,['White'],High school
prolific,j15iyien3lekra4yhc7evtkv,22.47,1,27,Male,,Hispanic or Latino,['Black or African American'],Master degree or higher
prolific,j1dadluxu5gj2st6o3bsx5ju,21.29,1,35,Female,,Not Hispanic or Latino,['White'],Some college
prolific,j2riqwlpjd4cydchnke5bodp,25.99,1,47,Female,,Not Hispanic or Latino,['White'],Associate degree
prolific,j4r9bb7i8ezlo64sf4ezrpbz,20.85,1,29,Female,,Not Hispanic or Latino,['White'],Some college
prolific,j61jsjqufwz87z6tih19kfkw,22.12,3,24,Male,,Rather not say,['Asian'],Some college
prolific,ji96uigw5vg5w04929pwcvl4,18.27,1,23,Female,,Not Hispanic or Latino,['Asian'],Bachelor degree
prolific,jw9vltee11y83bs6d9nn6nqs,32.09,3,25,Female,,Hispanic or Latino,['Rather not say'],Some college
prolific,jyx65evj9vh2yiebxn2ciz3i,21.83,1,24,Female,,Not Hispanic or Latino,['White'],Associate degree
prolific,k2d4ri9tdj2asebetk93tza8,17.78,2,26,Male,,Not Hispanic or Latino,['Asian'],Bachelor degree
prolific,kno8qo8dj8603cisistdu3kz,20.32,1,49,Male,,Not Hispanic or Latino,['White'],Bachelor degree
prolific,kyiot2ax9frxm5mcquova6fa,22.51,1,44,Female,,Not Hispanic or Latino,['White'],Bachelor degree
prolific,kz33r69kq63n1s3926br1zr0,24.72,4,54,Male,,Not Hispanic or Latino,['White'],Bachelor degree
prolific,l2apszqev2oi88md3mmg2mpb,14.29,1,37,Male,,Not Hispanic or Latino,['White'],Bachelor degree
prolific,l2rjguffcfrwy6cyndvxs24l,16.36,1,21,Female,,Not Hispanic or Latino,['Asian'],Some college
prolific,lrip2jufcaw29agpp7kttq1g,18.7,1,43,Male,,Not Hispanic or Latino,['White'],Some college
prolific,lrs9cirp2ab1x1arsjoi3xjs,19.08,28,19,Female,,Not Hispanic or Latino,['Black or African American'],High school
prolific,ltx52ngbxdl15fvqhxncow4p,40.25,17,23,Female,,Not Hispanic or Latino,['White'],Bachelor degree
prolific,m68sd7ikdrs2ke31dszmfxtx,21.01,1,48,Male,,Not Hispanic or Latino,['White'],High school
prolific,mb0cqykch15iwjlwlt8zgmut,17.14,1,40,Male,,Not Hispanic or Latino,['White'],Bachelor degree
prolific,mh65w9dnoqb9fwgpf5hwzq7m,20.36,10,52,Male,,Not Hispanic or Latino,['White'],Bachelor degree
prolific,mk21p0g10uhq6be51icmnx1v,20.0,10,44,Male,,Not Hispanic or Latino,['Asian'],Bachelor degree
prolific,mnht4ibsf6v1qcm6fdvksok8,18.6,1,36,Other,nonbinary,Not Hispanic or Latino,['White'],Associate degree
prolific,mnsc4x3ur3mjrrvyxagugq7d,17.27,1,34,Female,,Not Hispanic or Latino,['White'],Bachelor degree
prolific,mv3nc93cf3qnhj7wlerv56vz,17.83,7,32,Male,,Not Hispanic or Latino,['White'],Master degree or higher
prolific,mya6qkyqurm9qln4ufx5x0fb,15.76,1,26,Male,,Rather not say,['Rather not say'],High school
prolific,n0l9lmlk3y3lntuf3av6vc1b,19.18,7,28,Female,,Hispanic or Latino,['White'],Associate degree
prolific,nnxs7sswddflgn61vys9ja9x,17.37,1,42,Female,,Not Hispanic or Latino,['White'],Bachelor degree
prolific,nriu1vhzpwntcf1wcp5fy5ch,20.73,4,32,Male,,Not Hispanic or Latino,['Black or African American'],Bachelor degree
prolific,nsse2bvrjalmhiela58tzer3,24.02,2,39,Female,,Not Hispanic or Latino,['Asian'],Master degree or higher
prolific,o1cdcb2gz9bihhcij2cxcv9y,17.51,4,22,Other,nonbinary,Not Hispanic or Latino,['White'],Associate degree
prolific,o5ghloh1n1014qqhukei2loe,24.62,1,58,Female,,Not Hispanic or Latino,['White'],Bachelor degree
prolific,o8n4d40vsvnz5lcl4p82fpsj,38.01,1,46,Male,,Rather not say,['Black or African American'],Master degree or higher
prolific,obgqh8lchbfrskrziom5nvi8,38.47,1,37,Female,,Hispanic or Latino,['White'],Associate degree
prolific,oeueyrktekmfxjk3n1dttl03,17.28,1,59,Female,,Not Hispanic or Latino,['White'],Master degree or higher
prolific,oisanyqz4dnsyca3pjplzmwy,16.98,1,21,Male,,Not Hispanic or Latino,['White'],High school
prolific,ono5nho6n189shcidcomekom,22.12,2,41,Female,,Not Hispanic or Latino,['White'],Bachelor degree
prolific,onqadece461ccorqoieigedv,21.26,1,21,Female,,Not Hispanic or Latino,['White'],Associate degree
prolific,ougurbzmiyznloghy2l7a4vv,18.66,1,23,Male,,Rather not say,['Rather not say'],Some college
prolific,ov4glw9arkof0torcic6m7f3,22.1,1,34,Female,,Not Hispanic or Latino,['White'],High school
prolific,ovikuz64qf6z5mb7xwlbc377,31.95,3,34,Male,,Rather not say,['White'],Master degree or higher
prolific,oytslsoufzorloc5oqofb6bv,18.41,1,22,Female,,Not Hispanic or Latino,['White'],Some college
prolific,oyvvs4xb2ghxyhfplwtt2pb9,20.87,8,26,Female,,Not Hispanic or Latino,['White'],Bachelor degree
prolific,p86ckuixn5f7bw4is8gzr3p8,20.35,1,19,Female,,Not Hispanic or Latino,['Asian'],Some college
prolific,pgvzp4pgo90010z23928drwh,17.56,1,25,Male,,Not Hispanic or Latino,['Asian'],Bachelor degree
prolific,pkm05gj2n301ju3eok6zwmuk,18.32,1,36,Male,,Not Hispanic or Latino,['White'],Bachelor degree
prolific,pl9tk57m96rzhbgzl006jp1o,19.35,4,33,Male,,Not Hispanic or Latino,['White'],Bachelor degree
prolific,pmld76s9grkxjaid04tl7ul7,20.73,1,23,Female,,Not Hispanic or Latino,"['Asian', 'White']",Bachelor degree
prolific,qk3zcksu84bni3awc1n556qk,31.47,2,59,Female,,Not Hispanic or Latino,['White'],Master degree or higher
prolific,qwu9vk97840mxdvq8lvuo8r1,24.47,1,42,Male,,Not Hispanic or Latino,['White'],Some college
prolific,qwybh30c4w4iipd4ot85dmpy,16.81,1,40,Female,,Not Hispanic or Latino,['Asian'],Bachelor degree
prolific,r8mcrx16g6ttdkcdd3vbh6sv,20.92,1,20,Female,,Not Hispanic or Latino,['White'],Some college
prolific,reosvhjm5my2ske6lttpd1kk,19.08,1,28,Male,,Hispanic or Latino,['White'],Bachelor degree
prolific,rgaih9iy1glfa6ij6hgqmb2u,21.88,1,55,Male,,Not Hispanic or Latino,['White'],Bachelor degree
prolific,rgospxkazckd2k69ylg41csv,19.1,1,43,Male,,Not Hispanic or Latino,['Asian'],Bachelor degree
prolific,rww7fnx8rtokickn64qa4wuf,16.51,1,30,Female,,Not Hispanic or Latino,['Rather not say'],Some college
prolific,s00aorgelxed71ouc1ign5jq,25.2,1,27,Male,,Not Hispanic or Latino,"['American Indian/Alaska Native', 'White']",High school
prolific,s20dknnbl1p7t2hs3ie0stbr,19.76,2,53,Female,,Not Hispanic or Latino,['White'],Bachelor degree
prolific,s7apu5uwp4yhihf8m1mnv7ct,20.38,2,32,Male,,Not Hispanic or Latino,['White'],Less than high school
prolific,sgato0jzid0tlk43ra7ma9g6,16.43,1,42,Male,,Not Hispanic or Latino,['Asian'],Bachelor degree
prolific,siigd7vtmkvc1w3lvimzsry6,21.84,1,54,Female,,Not Hispanic or Latino,['White'],Master degree or higher
prolific,sorosropwcm0lyi36o0gv2sv,20.2,2,32,Male,,Not Hispanic or Latino,['White'],Bachelor degree
prolific,sviu3q1oym0srhxvw3j675nd,14.38,2,35,Male,,Not Hispanic or Latino,['White'],High school
prolific,sxdwczozfk7f3gap2ig7ewhl,22.84,1,33,Female,,Not Hispanic or Latino,['Black or African American'],Associate degree
prolific,t6tqma51n1pzltdlxjp2qyfw,16.35,3,26,Female,,Not Hispanic or Latino,['White'],Associate degree
prolific,tb7pj7gsba6o4cdpt9vb9x7q,24.99,1,31,Female,,Not Hispanic or Latino,['White'],Associate degree
prolific,tdnfbpv08jui5p07ij4hj0mb,25.91,5,35,Male,,Not Hispanic or Latino,['White'],Some college
prolific,tfar18dux9koy9ti2es55tst,17.85,1,28,Female,,Not Hispanic or Latino,['White'],Some college
prolific,tficqmzrk88b8qd9980f3mbb,19.76,1,29,Other,non-binary,Not Hispanic or Latino,['White'],Some college
prolific,tsb1jw8ub918ad04e882zt8h,17.31,1,23,Female,,Not Hispanic or Latino,['White'],Bachelor degree
prolific,u1a5jb2wunazz2h2s7qwe10z,15.49,1,35,Female,,Not Hispanic or Latino,['White'],Some college
prolific,u202hwrpfo41bfgeem3yto2m,19.01,1,40,Female,,Not Hispanic or Latino,['White'],Bachelor degree
prolific,u2k5jxmfqgk6veie61v0uxt5,18.15,1,22,Female,,Hispanic or Latino,['Black or African American'],Bachelor degree
prolific,u8h5gyl1hjk5iiflo7yavy9k,23.23,4,69,Female,,Not Hispanic or Latino,['White'],Bachelor degree
prolific,ugcuu169qx2z3frc2tnev0hk,20.88,3,28,Female,,Not Hispanic or Latino,['Asian'],Master degree or higher
prolific,uix7fc4kosudd22zzelj3umw,16.51,1,20,Female,,Not Hispanic or Latino,['White'],High school
prolific,uj3yu15tv361yz0pl0072rha,28.81,1,35,Female,,Not Hispanic or Latino,['White'],Bachelor degree
prolific,um09ngwfe2o088iu10s980we,21.19,1,54,Female,,Not Hispanic or Latino,['White'],Bachelor degree
prolific,urrczxi0sssxk51kw9t128ql,23.39,1,70,Male,,Not Hispanic or Latino,['White'],Bachelor degree
prolific,v8ydc7etlijyrhbt403aheap,21.34,1,28,Male,,Not Hispanic or Latino,['White'],Some college
prolific,v9c8d7o9jauns72dvcvvdtsd,47.07,14,31,Female,,Not Hispanic or Latino,['White'],Bachelor degree
prolific,v9mhi18je2wrkbfim72a4roo,18.11,1,24,Female,,Not Hispanic or Latino,['White'],Master degree or higher
prolific,vczw93o7s2b0q34ykaiof5kx,22.83,12,34,Male,,Not Hispanic or Latino,['White'],Bachelor degree
prolific,vjicauzh2ig65zu4gp13czuj,16.4,1,27,Male,,Not Hispanic or Latino,['Asian'],Bachelor degree
prolific,vwbzhkpoiloi8uoj64jz9uo1,22.28,17,30,Male,,Not Hispanic or Latino,['White'],Bachelor degree
prolific,wf3f0bj0ohuygjwjcy8horbq,21.95,6,26,Female,,Not Hispanic or Latino,['Black or African American'],Bachelor degree
prolific,wp1s1zohr1a4raj8eyss696m,16.41,1,33,Female,,Not Hispanic or Latino,['Asian'],Master degree or higher
prolific,wwl0wr5c3jr4uv1jfc1qwhb9,32.85,1,70,Male,,Not Hispanic or Latino,['White'],Master degree or higher
prolific,x1ycuxnsm5m7knx9ntww7y2j,19.72,5,33,Female,,Not Hispanic or Latino,['Asian'],Bachelor degree
prolific,x1z6rp0mfj5e6oqxw8bs2e4u,25.44,1,53,Female,,Hispanic or Latino,['White'],Some college
prolific,xds9mu2k3vm0otdkuvyfsaj4,15.86,2,35,Female,,Not Hispanic or Latino,['White'],Master degree or higher
prolific,xla93mi0t0u3ywwi5e5cqe0y,18.35,1,42,Female,,Not Hispanic or Latino,['Asian'],Bachelor degree
prolific,xxr0fzt3pmam5uln9g55zupd,17.25,1,19,Female,,Not Hispanic or Latino,['White'],Some college
prolific,xzgvinhccugphh9s7kz2qt48,23.89,1,57,Female,,Not Hispanic or Latino,['White'],Some college
prolific,yb7ehdgm9eqm22t35t0gn4py,36.37,2,37,Male,,Not Hispanic or Latino,['White'],Master degree or higher
prolific,yggc3tpzclcbqx4frgq54cy1,24.03,1,27,Female,,Hispanic or Latino,['White'],Bachelor degree
prolific,yglr3pmjfzpkduch3g01fhck,28.22,3,65,Female,,Not Hispanic or Latino,['White'],Master degree or higher
prolific,ypyusfyq96m627w6425ug7dw,17.52,5,37,Female,,Not Hispanic or Latino,['White'],Bachelor degree
prolific,yskpva5e9sm20o2bkaxdii1f,23.88,1,49,Female,,Not Hispanic or Latino,['White'],Associate degree
prolific,yvzphgsb4z9eiqb3z379fbke,30.38,3,36,Male,,Not Hispanic or Latino,['White'],Some college
prolific,yxdlvnutsr8roavl9f1r5gt8,38.03,12,27,Female,,Not Hispanic or Latino,['Asian'],Master degree or higher
prolific,yywsydio8foyc94c7k1x30be,19.86,1,25,Female,,Not Hispanic or Latino,['Asian'],Bachelor degree
prolific,z6xurenyeg6yg63pea7pu1nu,19.39,1,46,Female,,Not Hispanic or Latino,['White'],Bachelor degree
prolific,zfuemu1rcz6k4d3bvs2hls2f,14.67,2,27,Female,,Not Hispanic or Latino,['White'],Master degree or higher
prolific,zsi4m6qdbevc7j8lslhdqire,22.52,1,24,Male,,Not Hispanic or Latino,['White'],Some college
